old,old_title,inbound_links,action,new,confidence,why
"/","eden cosmetics – עדן קוסמטיקס","87","keep","/","1","אותה כתובת קיימת באתר החדש"
"/pages/contact",". – עדן קוסמטיקס","87","keep","/pages/contact/","1","אותה כתובת קיימת באתר החדש"
"/pages/הצהרת-נגישות","הצהרת נגישות – עדן קוסמטיקס","87","keep","/pages/הצהרת-נגישות/","1","אותה כתובת קיימת באתר החדש"
"/collections/מוצרים-נלווים","מוצרים נלווים – עדן קוסמטיקס","87","keep","/collections/מוצרים-נלווים/","1","אותה כתובת קיימת באתר החדש"
"/collections/הרמת-ריסים-וגבות","הרמת ריסים וגבות – עדן קוסמטיקס","87","keep","/collections/הרמת-ריסים-וגבות/","1","אותה כתובת קיימת באתר החדש"
"/collections/קורסים-והשתלמויות","קורסים והשתלמויות – עדן קוסמטיקס","87","keep","/collections/קורסים-והשתלמויות/","1","אותה כתובת קיימת באתר החדש"
"/collections/דבקים-סיליקונים","דבקים | סיליקונים – עדן קוסמטיקס","87","keep","/collections/דבקים-סיליקונים/","1","אותה כתובת קיימת באתר החדש"
"/collections/all","מוצרים – עדן קוסמטיקס","87","301","/collections/כל-המוצרים/","1","הוחלט בתהליך (כפילות, דף זמני או עמוד יורש)"
"/policies/contact-information","פרטי קשר – עדן קוסמטיקס","87","keep","/policies/contact-information/","1","אותה כתובת קיימת באתר החדש"
"/policies/refund-policy","מדיניות החזרים – עדן קוסמטיקס","87","keep","/policies/refund-policy/","1","אותה כתובת קיימת באתר החדש"
"/policies/privacy-policy","מדיניות הפרטיות – עדן קוסמטיקס","87","keep","/policies/privacy-policy/","1","אותה כתובת קיימת באתר החדש"
"/policies/shipping-policy","מדיניות משלוחים – עדן קוסמטיקס","87","keep","/policies/shipping-policy/","1","אותה כתובת קיימת באתר החדש"
"/policies/terms-of-service","תנאי השירות – עדן קוסמטיקס","87","keep","/policies/terms-of-service/","1","אותה כתובת קיימת באתר החדש"
"/products/דבק-בלאם-פורמולה-חדשה-להרמת-ריסים-של-חברת-zola","דבק בלאם פורמולה חדשה להרמת ריסים של חברת ZOLA – עדן קוסמטיקס","21","keep","/products/דבק-בלאם-פורמולה-חדשה-להרמת-ריסים-של-חברת-zola/","1","אותה כתובת קיימת באתר החדש"
"/products/ערכה-להרמת-ריסים-וגבות-2","ערכת THUYA להרמת ריסים וגבות- שלושה שלבים – עדן קוסמטיקס","17","keep","/products/ערכה-להרמת-ריסים-וגבות-2/","1","אותה כתובת קיימת באתר החדש"
"/products/פאצים-רב-פעמיים-לריסים-שקוף-נצנצים","פאצים רב פעמיים לריסים- שקוף נצנצים – עדן קוסמטיקס","17","keep","/products/פאצים-רב-פעמיים-לריסים-שקוף-נצנצים/","1","אותה כתובת קיימת באתר החדש"
"/products/סיליקונים-כנפיים-מעוגל-רחב-10-מידות-נדבקים-ללא-דבק","סיליקונים כנפיים -מעוגל רחב 10 מידות נדבקים ללא דבק – עדן קוסמטיקס","16","keep","/products/סיליקונים-כנפיים-מעוגל-רחב-10-מידות-נדבקים-ללא-דבק/","1","אותה כתובת קיימת באתר החדש"
"/products/סרט-דבק-רפואי-דק","סרט דבק רפואי -דק – עדן קוסמטיקס","16","keep","/products/סרט-דבק-רפואי-דק/","1","אותה כתובת קיימת באתר החדש"
"/products/קרם-חמצן-3-חברת-thuya","קרם חמצן 3% חברת THUYA – עדן קוסמטיקס","12","keep","/products/קרם-חמצן-3-חברת-thuya/","1","אותה כתובת קיימת באתר החדש"
"/products/zola-פינצטה-מקצועית-זוויתית","zola פינצטה מקצועית זוויתית – עדן קוסמטיקס","11","keep","/products/zola-פינצטה-מקצועית-זוויתית/","1","אותה כתובת קיימת באתר החדש"
"/products/צבע-thuya-ריסים-וגבות-bluish-black","צבע THUYA ריסים וגבות -bluish black – עדן קוסמטיקס","11","keep","/products/צבע-thuya-ריסים-וגבות-bluish-black/","1","אותה כתובת קיימת באתר החדש"
"/products/מסרק-להפרדת-הריסים-רב-פעמי-ורוד","מסרק להפרדת הריסים רב פעמי -ורוד 3 יחידות – עדן קוסמטיקס","9","keep","/products/מסרק-להפרדת-הריסים-רב-פעמי-ורוד/","1","אותה כתובת קיימת באתר החדש"
"/products/סיליקונים-שועל-סגול-מעוגל-חד-5-מידות-נדבקים-ללא-דבק","סיליקונים שועל סגול - מעוגל חד 5 מידות נדבקים ללא דבק – עדן קוסמטיקס","8","keep","/products/סיליקונים-שועל-סגול-מעוגל-חד-5-מידות-נדבקים-ללא-דבק/","1","אותה כתובת קיימת באתר החדש"
"/products/זוג-תופסנים-פפיון-שקוף-מנצנץ","זוג תופסנים פפיון - שקוף מנצנץ – עדן קוסמטיקס","8","keep","/products/זוג-תופסנים-פפיון-שקוף-מנצנץ/","1","אותה כתובת קיימת באתר החדש"
"/products/my-lamination-שלב-3-להרמת-ריסים-וגבות-שפורפרת-10-מ-ל","My lamination שלב 3 להרמת ריסים וגבות- שפורפרת 10 מ״ל – עדן קוסמטיקס","8","keep","/products/my-lamination-שלב-3-להרמת-ריסים-וגבות-שפורפרת-10-מ-ל/","1","אותה כתובת קיימת באתר החדש"
"/products/my-lamination-סט-3-שקיות-מכל-שלב-להרמת-ריסים-וגבות","My lamination סט 3 שקיות מכל שלב להרמת ריסים וגבות – עדן קוסמטיקס","8","keep","/products/my-lamination-סט-3-שקיות-מכל-שלב-להרמת-ריסים-וגבות/","1","אותה כתובת קיימת באתר החדש"
"/products/סיליקונים-כריש-מעוגל-רחב","סיליקונים כריש - מעוגל רחב – עדן קוסמטיקס","7","keep","/products/סיליקונים-כריש-מעוגל-רחב/","1","אותה כתובת קיימת באתר החדש"
"/products/סיליקון-לכיסוי-הרמת-גבות-רב-פעמי","סיליקון לכיסוי הרמת גבות - רב פעמי – עדן קוסמטיקס","7","keep","/products/סיליקון-לכיסוי-הרמת-גבות-רב-פעמי/","1","אותה כתובת קיימת באתר החדש"
"/products/my-lamination-שלב-1-להרמת-ריסים-וגבות-שפורפרת-10-מ-ל","My lamination שלב 1 להרמת ריסים וגבות- שפורפרת 10 מ״ל – עדן קוסמטיקס","7","keep","/products/my-lamination-שלב-1-להרמת-ריסים-וגבות-שפורפרת-10-מ-ל/","1","אותה כתובת קיימת באתר החדש"
"/products/my-lamination-צבע-לגבות-ריסים-בתוספת-קרטין-חום","My lamination צבע לגבות/ ריסים בתוספת קרטין- חום – עדן קוסמטיקס","7","keep","/products/my-lamination-צבע-לגבות-ריסים-בתוספת-קרטין-חום/","1","אותה כתובת קיימת באתר החדש"
"/products/סיליקונים-ליפט-צבעוניים-להרמת-ריסים-6-מידות","סיליקונים ליפט צבעוניים להרמת ריסים -6 מידות – עדן קוסמטיקס","6","keep","/products/סיליקונים-ליפט-צבעוניים-להרמת-ריסים-6-מידות/","1","אותה כתובת קיימת באתר החדש"
"/products/סיליקונים-קשת-בענן-מעוגל-חד-10-מידות-נדבקים-ללא-דבק","סיליקונים קשת בענן - מעוגל חד 10 מידות נדבקים ללא דבק – עדן קוסמטיקס","6","keep","/products/סיליקונים-קשת-בענן-מעוגל-חד-10-מידות-נדבקים-ללא-דבק/","1","אותה כתובת קיימת באתר החדש"
"/products/מארז-50-מסרקים-לגבות-וריסים-חד-פעמי-בצבע-שחור","מארז 50 מסרקים לגבות וריסים - חד פעמי בצבע שחור – עדן קוסמטיקס","6","keep","/products/מארז-50-מסרקים-לגבות-וריסים-חד-פעמי-בצבע-שחור/","1","אותה כתובת קיימת באתר החדש"
"/products/מוט-הרמה-הרמת-ריסים","מוט הרמה - להרמת ריסים – עדן קוסמטיקס","6","keep","/products/מוט-הרמה-הרמת-ריסים/","1","אותה כתובת קיימת באתר החדש"
"/products/my-lamination-שלב-2-להרמת-ריסים-וגבות-שפורפרת-10-מ-ל","My lamination שלב 2 להרמת ריסים וגבות- שפורפרת 10 מ״ל – עדן קוסמטיקס","6","keep","/products/my-lamination-שלב-2-להרמת-ריסים-וגבות-שפורפרת-10-מ-ל/","1","אותה כתובת קיימת באתר החדש"
"/products/פינצטה-סטאלקס-11-3","פינצטה סטאלקס 11/3 – עדן קוסמטיקס","6","keep","/products/פינצטה-סטאלקס-11-3/","1","אותה כתובת קיימת באתר החדש"
"/products/סיליקונים-שועל-כתום-מעוגל-חד-5-מידות-נדבקים-ללא-דבק","סיליקונים שועל כתום- מעוגל חד 5 מידות נדבקים ללא דבק – עדן קוסמטיקס","5","keep","/products/סיליקונים-שועל-כתום-מעוגל-חד-5-מידות-נדבקים-ללא-דבק/","1","אותה כתובת קיימת באתר החדש"
"/products/עדשת-מאקרו-לצילום-איכותי-וורוד","עדשת מאקרו לצילום איכותי - וורוד – עדן קוסמטיקס","5","keep","/products/עדשת-מאקרו-לצילום-איכותי-וורוד/","1","אותה כתובת קיימת באתר החדש"
"/products/מברשת-זוויתית-לצבע-שחור","מברשת זוויתית לצבע – עדן קוסמטיקס","5","keep","/products/מברשת-זוויתית-לצבע-שחור/","1","אותה כתובת קיימת באתר החדש"
"/products/זוג-סיליקונים-לתיקונים-הסרות","זוג סיליקונים לתיקונים / הסרות / צביעת ריסים – עדן קוסמטיקס","5","keep","/products/זוג-סיליקונים-לתיקונים-הסרות/","1","אותה כתובת קיימת באתר החדש"
"/products/סיליקונים-צדפה-מעוגל-חד-5-מידות-נדבקים-ללא-דבק-1","סיליקונים צדפה - מעוגל חד 5 מידות נדבקים ללא דבק – עדן קוסמטיקס","5","keep","/products/סיליקונים-צדפה-מעוגל-חד-5-מידות-נדבקים-ללא-דבק-1/","1","אותה כתובת קיימת באתר החדש"
"/products/צבע-לגבות-וריסים-nikk-mole-כחול-שחור","צבע לריסים -NIKK MOLE כחול שחור – עדן קוסמטיקס","5","keep","/products/צבע-לגבות-וריסים-nikk-mole-כחול-שחור/","1","אותה כתובת קיימת באתר החדש"
"/products/my-lamination-שלב-1-להרמת-ריסים-וגבות-מארז-5-שקיות-1-5-מ-ל","My lamination שלב 1 להרמת ריסים וגבות- מארז 5 שקיות 1.5 מ״ל – עדן קוסמטיקס","5","keep","/products/my-lamination-שלב-1-להרמת-ריסים-וגבות-מארז-5-שקיות-1-5-מ-ל/","1","אותה כתובת קיימת באתר החדש"
"/products/my-lamination-סט-5-שקיות-מכל-שלב-להרמת-ריסים-וגבות","My lamination סט 5 שקיות מכל שלב להרמת ריסים וגבות – עדן קוסמטיקס","5","keep","/products/my-lamination-סט-5-שקיות-מכל-שלב-להרמת-ריסים-וגבות/","1","אותה כתובת קיימת באתר החדש"
"/products/סיליקונים-חתולים-פפיון-מעוגל-חד-8-מידות","סיליקונים חתול פפיון - מעוגל חד 8 מידות נדבקים ללא דבק – עדן קוסמטיקס","4","keep","/products/סיליקונים-חתולים-פפיון-מעוגל-חד-8-מידות/","1","אותה כתובת קיימת באתר החדש"
"/products/זוג-תופסנים-פפיון-צהוב-מנצנץ","זוג תופסנים פפיון - צהוב מנצנץ – עדן קוסמטיקס","4","keep","/products/זוג-תופסנים-פפיון-צהוב-מנצנץ/","1","אותה כתובת קיימת באתר החדש"
"/products/מספריים-קפיץ-לגבות","מספריים קפיץ לגבות – עדן קוסמטיקס","4","keep","/products/מספריים-קפיץ-לגבות/","1","אותה כתובת קיימת באתר החדש"
"/products/מארז-10-מסרקונים-להרמת-גבות-בצבע-ורוד","מארז 10 מסרקונים להרמת גבות - בצבע ורוד – עדן קוסמטיקס","4","keep","/products/מארז-10-מסרקונים-להרמת-גבות-בצבע-ורוד/","1","אותה כתובת קיימת באתר החדש"
"/products/צבע-לגבות-nikk-mole-חום","צבע לגבות -NIKK MOLE חום – עדן קוסמטיקס","4","keep","/products/צבע-לגבות-nikk-mole-חום/","1","אותה כתובת קיימת באתר החדש"
"/products/my-lamination-שלב-2-להרמת-ריסים-וגבות-מארז-5-שקיות-של-1-5-מ-ל","My lamination שלב 2 להרמת ריסים וגבות- מארז 5 שקיות של 1.5 מ״ל – עדן קוסמטיקס","4","keep","/products/my-lamination-שלב-2-להרמת-ריסים-וגבות-מארז-5-שקיות-של-1-5-מ-ל/","1","אותה כתובת קיימת באתר החדש"
"/products/my-lamination-שלב-3-להרמת-גבות-5-שקיות","My lamination שלב 3 להרמת גבות- 5 שקיות – עדן קוסמטיקס","4","keep","/products/my-lamination-שלב-3-להרמת-גבות-5-שקיות/","1","אותה כתובת קיימת באתר החדש"
"/products/my-lamination-חמצן-לגבות","My lamination חמצן לגבות – עדן קוסמטיקס","4","keep","/products/my-lamination-חמצן-לגבות/","1","אותה כתובת קיימת באתר החדש"
"/products/zola-פינצטה-מקצועית-זוויתית-1","zola פינצטה מקצועית זוויתית – עדן קוסמטיקס","4","keep","/products/zola-פינצטה-מקצועית-זוויתית-1/","1","אותה כתובת קיימת באתר החדש"
"/products/מארז-50-מסרקים-לגבות-וריסים-חד-פעמי-בצבע-ורוד-מנצנץ","מארז 50 מסרקים לגבות וריסים - חד פעמי בצבע ורוד מנצנץ – עדן קוסמטיקס","3","keep","/products/מארז-50-מסרקים-לגבות-וריסים-חד-פעמי-בצבע-ורוד-מנצנץ/","1","אותה כתובת קיימת באתר החדש"
"/products/מארז-10-מסרקונים-להרמת-גבות-בצבע-שחור","מארז 10 מסרקונים להרמת גבות - בצבע שחור – עדן קוסמטיקס","3","keep","/products/מארז-10-מסרקונים-להרמת-גבות-בצבע-שחור/","1","אותה כתובת קיימת באתר החדש"
"/products/פינצטה-מקצועית-משופעת-לגבות-וורוד-כהה-nikk-mole","פינצטה מקצועית משופעת לגבות - וורוד כהה NIKK MOLE – עדן קוסמטיקס","3","keep","/products/פינצטה-מקצועית-משופעת-לגבות-וורוד-כהה-nikk-mole/","1","אותה כתובת קיימת באתר החדש"
"/products/my-lamination-סט-בקבוקים-10-מ-ל-להרמת-ריסים-וגבות","My lamination סט בקבוקים 10 מ״ל להרמת ריסים וגבות – עדן קוסמטיקס","3","keep","/products/my-lamination-סט-בקבוקים-10-מ-ל-להרמת-ריסים-וגבות/","1","אותה כתובת קיימת באתר החדש"
"/products/my-lamination-מיני-ערכת-ניסיון-להרמת-ריסים-וגבות-שקית-אחת-מכל-שלב","My lamination מיני ערכת ניסיון להרמת ריסים וגבות- שקית אחת מכל שלב – עדן קוסמטיקס","3","keep","/products/my-lamination-מיני-ערכת-ניסיון-להרמת-ריסים-וגבות-שקית-אחת-מכל-שלב/","1","אותה כתובת קיימת באתר החדש"
"/products/my-lamination-מארז-2-זוגות-פאצים-דביקים-לריסים-פרפרים","My lamination מארז 2 זוגות פאצים דביקים לריסים פרפרים – עדן קוסמטיקס","3","keep","/products/my-lamination-מארז-2-זוגות-פאצים-דביקים-לריסים-פרפרים/","1","אותה כתובת קיימת באתר החדש"
"/products/my-lamination-קצף-ניקוי-לפנים-ריסים-גבות-4-ב1-50-מ-ל","My lamination קצף ניקוי לפנים/ ריסים/ גבות 4 ב1 50 מ״ל – עדן קוסמטיקס","3","keep","/products/my-lamination-קצף-ניקוי-לפנים-ריסים-גבות-4-ב1-50-מ-ל/","1","אותה כתובת קיימת באתר החדש"
"/products/צבע-לגבות-ריסים-refectocil-מס-2","צבע לגבות / ריסים refectocil מס' 2 – עדן קוסמטיקס","2","keep","/products/צבע-לגבות-ריסים-refectocil-מס-2/","1","אותה כתובת קיימת באתר החדש"
"/products/חמצן-3-nikk-mola","חמצן 3% NIKK MOLA – עדן קוסמטיקס","2","keep","/products/חמצן-3-nikk-mola/","1","אותה כתובת קיימת באתר החדש"
"/products/דבק-בלאם-פורמולה-חדשה-להרמת-ריסים-של-חברת-zola-1","דבק בלאם פורמולה חדשה להרמת ריסים של חברת ZOLA – עדן קוסמטיקס","2","keep","/products/דבק-בלאם-פורמולה-חדשה-להרמת-ריסים-של-חברת-zola-1/","1","אותה כתובת קיימת באתר החדש"
"/products/דבק-קודי","דבק קודי להרמת ריסים – עדן קוסמטיקס","2","keep","/products/דבק-קודי/","1","אותה כתובת קיימת באתר החדש"
"/products/צבע-thuya-ריסים-וגבות-deep-black","צבע THUYA ריסים וגבות - Deep black – עדן קוסמטיקס","2","keep","/products/צבע-thuya-ריסים-וגבות-deep-black/","1","אותה כתובת קיימת באתר החדש"
"/products/גליל-ניילון-נצמד","גליל ניילון נצמד – עדן קוסמטיקס","2","keep","/products/גליל-ניילון-נצמד/","1","אותה כתובת קיימת באתר החדש"
"/products/בייביבראש-50-יחידות-ורוד","בייביבראש 50 יחידות - ורוד – עדן קוסמטיקס","2","keep","/products/בייביבראש-50-יחידות-ורוד/","1","אותה כתובת קיימת באתר החדש"
"/products/שמפו-מוס-לגבות-ריסים-ופנים-nikk-mole","שמפו מוס לגבות, ריסים ופנים NIKK MOLE – עדן קוסמטיקס","2","keep","/products/שמפו-מוס-לגבות-ריסים-ופנים-nikk-mole/","1","אותה כתובת קיימת באתר החדש"
"/products/my-lamination-מסקרת-ביוטין","My lamination מסקרת ביוטין – עדן קוסמטיקס","2","keep","/products/my-lamination-מסקרת-ביוטין/","1","אותה כתובת קיימת באתר החדש"
"/products/my-lamination-צבע-לגבות-ריסים-בתוספת-קרטין-שחור-כחול","My lamination צבע לגבות/ ריסים בתוספת קרטין- שחור כחול – עדן קוסמטיקס","2","keep","/products/my-lamination-צבע-לגבות-ריסים-בתוספת-קרטין-שחור-כחול/","1","אותה כתובת קיימת באתר החדש"
"/products/my-lamination-חמצן","My lamination חמצן – עדן קוסמטיקס","2","keep","/products/my-lamination-חמצן/","1","אותה כתובת קיימת באתר החדש"
"/products/צבע-לגבות-ריסים-refectocil-מס-3","צבע לגבות / ריסים refectocil מס' 3 – עדן קוסמטיקס","1","keep","/products/צבע-לגבות-ריסים-refectocil-מס-3/","1","אותה כתובת קיימת באתר החדש"
"/products/כוסית-קטנה-לערבוב-צבע-ורוד","כוסית קטנה לערבוב צבע - ורוד – עדן קוסמטיקס","1","keep","/products/כוסית-קטנה-לערבוב-צבע-ורוד/","1","אותה כתובת קיימת באתר החדש"
"/products/סיליקונים-צדפה-מעוגל-חד-5-מידות-נדבקים-ללא-דבק","סיליקונים צדפה - מעוגל חד 5 מידות נדבקים ללא דבק – עדן קוסמטיקס","1","keep","/products/סיליקונים-צדפה-מעוגל-חד-5-מידות-נדבקים-ללא-דבק/","1","אותה כתובת קיימת באתר החדש"
"/products/סיליקונים-l-כחול-נצנצים-נדבקים-ללא-דבק","סיליקונים L כחול נצנצים - נדבקים ללא דבק – עדן קוסמטיקס","1","keep","/products/סיליקונים-l-כחול-נצנצים-נדבקים-ללא-דבק/","1","אותה כתובת קיימת באתר החדש"
"/products/my-lamination-סט-5-שקיות-שלב-1-2-בקבוק-שלב-3-להרמת-ריסים-וגבות","My lamination סט 5 שקיות שלב 1.2+ בקבוק שלב 3 להרמת ריסים וגבות – עדן קוסמטיקס","1","keep","/products/my-lamination-סט-5-שקיות-שלב-1-2-בקבוק-שלב-3-להרמת-ריסים-וגבות/","1","אותה כתובת קיימת באתר החדש"
"/products/שמפו-קצף-ניקוי-לריסים-גבות-פנים-חברת-nikk-mola","שמפו קצף ניקוי לריסים / גבות / פנים חברת nikk mola – עדן קוסמטיקס","0","keep","/products/שמפו-קצף-ניקוי-לריסים-גבות-פנים-חברת-nikk-mola/","1","אותה כתובת קיימת באתר החדש"
"/products/צבע-thuya-ריסים-וגבות-brown","צבע THUYA ריסים וגבות - brown – עדן קוסמטיקס","0","keep","/products/צבע-thuya-ריסים-וגבות-brown/","1","אותה כתובת קיימת באתר החדש"
"/products/חמצן-3-nikk-mole","חמצן 3% NIKK MOLE – עדן קוסמטיקס","0","keep","/products/חמצן-3-nikk-mole/","1","אותה כתובת קיימת באתר החדש"
"/products/פינצטה-מקצועית-לגבות-ישרה-שחור-nikk-mole","פינצטה מקצועית קלאסית לגבות - שחור NIKK MOLE – עדן קוסמטיקס","0","keep","/products/פינצטה-מקצועית-לגבות-ישרה-שחור-nikk-mole/","1","אותה כתובת קיימת באתר החדש"
"/products/פינצטה-מקצועית-לגבות-ישרה-וורודnikk-mole","פינצטה מקצועית קלאסית לגבות -וורוד NIKK MOLE – עדן קוסמטיקס","0","keep","/products/פינצטה-מקצועית-לגבות-ישרה-וורודnikk-mole/","1","אותה כתובת קיימת באתר החדש"
"/products/פינצטה-מקצועית-משופעת-לגבות-שחור-nikk-mole","פינצטה מקצועית משופעת לגבות - שחור NIKK MOLE – עדן קוסמטיקס","0","keep","/products/פינצטה-מקצועית-משופעת-לגבות-שחור-nikk-mole/","1","אותה כתובת קיימת באתר החדש"
"/products/פינצטה-מקצועית-משופעת-לגבות-וורוד-בהירnikk-mole","פינצטה מקצועית משופעת לגבות - וורוד בהירNIKK MOLE – עדן קוסמטיקס","0","keep","/products/פינצטה-מקצועית-משופעת-לגבות-וורוד-בהירnikk-mole/","1","אותה כתובת קיימת באתר החדש"
"/products/פינצטה-מקצועית-קלאסית-לגבות-וורוד-כההnikk-mole","פינצטה מקצועית קלאסית לגבות -וורוד כההNIKK MOLE – עדן קוסמטיקס","0","keep","/products/פינצטה-מקצועית-קלאסית-לגבות-וורוד-כההnikk-mole/","1","אותה כתובת קיימת באתר החדש"
"/collections/frontpage","Home page – עדן קוסמטיקס","0","301","/collections/הנבחרת-שלנו/","1","הוחלט בתהליך (כפילות, דף זמני או עמוד יורש)"
"/collections/כל-המוצרים","כל המוצרים – עדן קוסמטיקס","0","keep","/collections/כל-המוצרים/","1","אותה כתובת קיימת באתר החדש"
"/collections/הנבחרת-שלנו","הנבחרת שלנו – עדן קוסמטיקס","0","keep","/collections/הנבחרת-שלנו/","1","אותה כתובת קיימת באתר החדש"
"/blogs/news","News – עדן קוסמטיקס","0","keep","/blogs/news/","1","אותה כתובת קיימת באתר החדש"
"/agents.md","","0","external","/agents.md","1","נשארת במערכת אחרת (למשל החנות): לא נבנית כאן, ולא נבדקת מול האתר החדש"
